Produtos[Produto/Serviço];[SumValor_Total]
56 - BISCOITO TRÊS QUEIJOS 25G ZIN PAO - CX 6 KG;25830817,73
45 - PÃO DE QUEIJO TRADICIONAL 25G FAZENDA MINAS - CX 6 KG;23419046,02
1 - COXINHA DE FRANGO 22G - CX 6 KG;15416183,59
22 - COXINHA DE FRANGO COM REQUEIJÃO 120G - CX 6 KG;14534701,1
1070 - PÃO DE ALHO TRADICIONAL RESFRIADO 400G - CX 4,8 KG;14223211,57
910 - PÃO DE QUEIJO TRAD. FAZ MINAS 400G VAREJO - CX 6 KG;11639368,19
55 - PÃO DE QUEIJO BIG 100G ZIN PAO - CX 6 KG;10720466,42
1325 - RISOLES DE FRANGO (MEIA LUA) - CX 6 KG;9675163,286
18 - MINI CHURROS DOCE DE LEITE - CX 6 KG;8817429,454
11 - BOLINHA DE QUEIJO MUSSARELA 20G - CX 6 KG;8804276,923
13 - CROQUETE DE CARNE COM REQUEIJÃO 20G - CX 6 KG;8529400,503
26 - COXINHA DE FRANGO TRADICIONAL 120G - CX 6 KG;6370141,05
1600 - PÃO DE ALHO TRADICIONAL SEM REFRIGERAÇÃO 310G - CX 3,72 KG;5548507,252
1324 - RISOLES DE QUEIJO (MEIA LUA) - CX 6 KG;5405200,15
4 - RISOLES DE QUATRO QUEIJOS 20G - CX 6 KG;5291286,967
1326 - RISOLES DE CARNE (MEIA LUA) - CX 6 KG;5055308,249
2300 - PASTEL DE CARNE 100G PARA FRITAR - CX 3 KG;4848456,57
1577 - PÃO DE QUEIJO FUNCIONAL CONGELADO 100G - CX 6 KG;4775956,32
532 - CHIPA ZIN PÃO - CX 6 KG;4254493,799
14 - CROQUETE DE FRANGO COM REQ. CHEDDAR 20G - CX 6 KG;3824476,351
1217 - PÃO DE QUEIJO CONGELADO MINI 20G - CX 6 KG;3084147,34
5 - RISOLES DE REQUEIJÃO 20G - CX 6 KG;2894267,754
7 - MINI RISOLES DE PRESUNTO E QUEIJO - CX 6 KG;2840589,615
539 - SALSICHA EMPANADA FATIADA - CX 6 KG;2494817,75
1622 - PÃO DE QUEIJO COM BATATA DOCE 400G - CX 6 KG;2491462,051
17 - KIBE COM REQUEIJÃO 20G - CX 6 KG;2336899,747
949 - GROSTOLI (CUECA VIRADA) - CX 6 KG;2298018,73
56 - BISCOITO TRÊS QUEIJOS 25G ZIN PAO - KG;2295432,161
23 - SALSICHA EMPANADA INTEIRA - INATIVO;2030204,992
1259 - MINI KIBE PRÉ FRITO FAZENDA MINAS 300G - CX 6 KG;1956279,772
51 - PÃO DE QUEIJO TRADICIONAL 25G ZIN PAO - CX 6 KG;1889769,22
1069 - PÃO DE ALHO PICANTE RESFRIADO - CX 4,8 KG;1871092,067
29 - KIBE COM REQUEIJÃO 100G - CX 6 KG;1800150,907
47 - PÃO DE QUEIJO LANCHE 60G FAZENDA MINAS - CX 6 KG;1713834,982
44 - PÃO DE QUEIJO COQUETEL 12G FAZENDA MINAS - CX 6 KG;1588959,842
25 - RISOLES DE PRESUNTO E QUEIJO - CX 6 KG;1577102,246
2301 - PASTEL DE FRANGO 100G PARA FRITAR - CX 3 KG;1535205,01
2298 - BOLINHO DE BATATA DE CARNE - CX 6 KG;1503704,516
2248 - CHIPA GOURMET - CX 6 KG;1492113,236
961 - GROSTOLI SEQUILHO ESPECIAL - CX 6 KG;1320389,193
16 - KIBE TRADICIONAL 20G - CX 6 KG;1283630,347
1 - COXINHA DE FRANGO 22G - KG;1276140,146
30 - KIBE TRADICIONAL 100G - CX 6 KG;1195700,295
886 - BOLINHO DE CARNE 100G - CX 6 KG;1163504,129
28 - CROQUETE DE CARNE COM REQUEIJÃO 100G - CX 6 KG;1133792,91
1257 - MINI COXINHA DE FRANGO PRÉ FRITA FAZENDA MINAS 300G - CX 6 KG;1117418,177
1863 - PÃO DE ALHO TRADICIONAL RESFRIADO EXCELSIOR 400g - CX 4,8 KG;1106335,27
887 - BOLINHO DE QUEIJO 100G - CX 6 KG;1101842,741
2299 - BOLINHO DE BATATA DE FRANGO - CX 6 KG;1069470,372
9 - MINI RISOLES DE CARNE COM REQUEIJÃO - CX 6 KG;1045606,3
536 - COXINHA DE FRANGO COM ALHO 120G - CX 6 KG;1033203,598
3 - MINI RISOLES DE FRANGO COM REQUEIJÃO - CX 6 KG;995416,5644
21 - RISOLES DE FRANGO COM REQUEIJÃO - CX 6 KG;982820,8518
1133 - COXINHA DE BROCOLIS 22G - CX 6 KG;979189,45
50 - PÃO DE QUEIJO COQUETEL 12G ZIN PAO - CX 6 KG;902104,295
53 - PÃO DE QUEIJO LANCHE 60G ZIN PAO - CX 6 KG;897925,93
2226 - CHIPA COM GOIABADA - CX 6 KG;856857,29
11 - BOLINHA DE QUEIJO MUSSARELA 20G - KG;789499,51
2314 - PÃO FRANCÊS CONGELADO 6H - KG;746393,4976
888 - BOLINHO DE BACALHAU 100G - CX 6 KG;718982,8584
75 - PÃO FRANCES CONGELADO KG - 6H - KG;703610,586
872 - EMPADÃO DE FRANGO COM REQUEIJÃO 1,5KG - CX 9 KG;684621,402
1551 - F11 - ESCONDIDINHO DE 150G FRANGO +250G BATATA DOCE - CX 10 BDJ;660969,4065
961 - GROSTOLI SEQUILHO ESPECIAL - INATIVO;660341,34
8 - RISOLES DE CALABRESA COM REQUEIJÃO 20G - CX 6 KG;636981,8445
23 - SALSICHA EMPANADA INTEIRA - CX 6 KG;633219,83
1612 - MINI PASTEL DE CARNE PARA FRITAR - CX 6 KG;629321,89
49 - PÃO DE QUEIJO BIG 100G FAZENDA MINAS - CX 6 KG;615805,8622
2099 - DADINHO DE TAPIOCA - CX 6 KG;607333,01
1950 - PÃO DE QUEIJO FAZENDA MINAS TRADICIONAL 1,2KG -PROMOCIONAL - CX 7,2 KG;606108,9477
2268 - MINI BOLINHA 5 QUEIJOS BUONGUSTO 20g - CX 6 KG;577155,9
949 - GROSTOLI (CUECA VIRADA) - INATIVO;577055,35
2251 - MINI COXINHA DE FRANGO 22G BUONGUSTO - CX 6 KG;508015,79
1070 - PÃO DE ALHO TRADICIONAL RESFRIADO 400G - BDJ 400 G;507718,1806
2075 - MINI CROQUETE DE CARNE COM REQUEIJÃO BUONGUSTO 20g - CX 6 KG;495913,82
2 - MINI RISOLES DE FRANGO - CX 6 KG;480115,61
2249 - PÃO DE QUEIJO COQUETEL 15G BUONGUSTO - CX 6 KG;462349,55
2 - MINI RISOLES DE FRANGO - KG;456222,7843
1258 - MINI BOLINHA DE QUEIJO PRÉ FRITO FAZENDA MINAS 300G - CX 6 KG;454672,451
1630 - PÃO DE ALHO TRADICIONAL SEM REFRIGERAÇÃO 310G BUONGUSTO - CX 3,72 KG;442130,93
925 - EMPADÃO DE PALMITO 1,5KG - CX 9 KG;440347,81
1613 - MINI PASTEL DE FRANGO PARA FRITAR - CX 6 KG;432627,96
1888 - MINI SALSICHA EMPANADA BUONGUSTO - CX 6 KG;425250,9
1887 - PÃO DE QUEIJO LANCHE 60G BUONGUSTO - CX 6 KG;408448,25
62 - PÃO DE SANDUICHE 500G - UND 500 G;389739,9439
873 - EMPADA DE FRANGO C/ REQUEIJAO 100 G - CX 4 KG;385301,7334
24 - RISOLES DE CARNE COM REQUEIJÃO - CX 6 KG;379212,4823
2335 - POLENTA - CX 6 KG;367690,49
532 - CHIPA ZIN PÃO - KG;356212,816
1897 - KIT FESTA - CX 6 KG;355761,2599
872 - EMPADÃO DE FRANGO COM REQUEIJÃO 1,5KG - KG;341486,67
44 - PÃO DE QUEIJO COQUETEL 12G FAZENDA MINAS - KG;333304,7
1822 - PÃO DE ALHO TRADICIONAL RESFRIADO BURG 400G - UND 400 G;329478,24
290 - PÃO DE BATATA COM REQUEIJÃO 100G - CX 6 KG;315600,6
1618 - F24 - LASANHA INTEGRAL DE FRANGO COM BRÓCOLIS 500g - CX 10 BDJ;311899,1905
2267 - COXINHA DE FRANGO TRADICIONAL 120g BUONGUSTO - CX 6 KG;299907,99
7 - MINI RISOLES DE PRESUNTO E QUEIJO - KG;298328,8675
874 - EMPADA DE PALMITO 100 G - CX 4 KG;296522,3592
294 - PÃO DE BATATA DE FRANGO COM REQUEIJÃO 100G - CX 6 KG;295144,25
1330 - PÃO DE ALHO BURG 190G - UND 190 G;294525,36
58 - PASTEL ASSADO FOGGACIA SABOR DE FRANGO COM REQUEIJÃO 100G - CX 3 KG;294494,6821
18 - MINI CHURROS DOCE DE LEITE - KG;263564,3085
45 - PÃO DE QUEIJO TRADICIONAL 25G FAZENDA MINAS - KG;262874,962
55 - PÃO DE QUEIJO BIG 100G ZIN PAO - PCT 1 KG;261053,0919
18 - MINI CHURROS DOCE DE LEITE - PCT 2 KG;256597,952
1910 - CROQUETE DE CARNE COM REQUEIJÃO 20g UNIDASUL - CX 6 KG;252370,9076
961 - GROSTOLI SEQUILHO ESPECIAL - KG;249747,7715
2252 - MINI CHURROS DOCE DE LEITE BUONGUSTO - CX 6 KG;239410,75
1913 - BOLINHA DE QUEIJO 20G FAZENDA MINAS - CX 6 KG;238534,97
925 - EMPADÃO DE PALMITO 1,5KG - KG;233667,26
1071 - BOLINHAS DE PÃO DE ALHO COM CATUPIRY RESFRIADO - CX 4,8 KG;230416,18
910 - PÃO DE QUEIJO TRAD. FAZ MINAS 400G VAREJO - UND 400 G;229674,73
1914 - CROQUETE DE CARNE COM REQUEIJÃO 20g FAZENDA MINAS - CX 6 KG;214252,65
57 - PASTEL ASSADO FOGGACIA SABOR DE CARNE  100G - CX 3 KG;212206,5264
1482 - F02 -150G FRANGO +150G MIX DE LEGUMES - CX 10 BDJ;211863,9
17 - KIBE COM REQUEIJÃO 20G - KG;207209,42
56 - BISCOITO TRÊS QUEIJOS 25G ZIN PAO - INATIVO;192841,827
1600 - PÃO DE ALHO TRADICIONAL SEM REFRIGERAÇÃO 310G - UND 310 G;192104,036
1974 - PÃO DE QUEIJO TRADICIONAL 1KG BUONGUSTO - CX 6 KG;191635,6
1886 - MINI COXINHA BROCOLIS 22G BUONGUSTO - CX 6 KG;183720,93
1911 - CROQUETE DE CARNE COM REQUEIJÃO 100G UNIDASUL - CX 6 KG;179590,8958
13 - CROQUETE DE CARNE COM REQUEIJÃO 20G - KG;179472,9519
1 - COXINHA DE FRANGO 22G - INATIVO;178974,372
2002 - PASTA DE ALHO (BISNAGA 400G) - CX 4 KG;172892,366
22 - COXINHA DE FRANGO COM REQUEIJÃO 120G - UND 120 G;171610,92
1890 - RISOLES DE PRESUNTO E QUEIJO 120G BUONGUSTO - CX 6 KG;171113,69
71 - MASSA DE PIZZA 280G - UND 280 G;169068,5829
1889 - RISOLES DE FRANGO COM REQUEIJÃO 120g BUONGUSTO - CX 6 KG;167753,5
2473 - COXINHA DE FRANGO COM REQUEIJÃO 160G - CX 6,4 KG;160083,2
1885 - CROQUETE DE CARNE 100G BUONGUSTO - CX 6 KG;158182,37
61 - PÃO CACHORRINHO HOT DOG 50G - PCT 500 G;155634,136
2302 - TORTA CAITÁ - KG;155463,2864
1912 - COXINHA DE FRANGO 22G FAZENDA MINAS - CX 6 KG;154734,86
59 - PASTEL ASSADO FOGGACIA SABOR DE PIZZA 100G - CX 3 KG;152375,01
15 - CROQUETE DE CALABRESA COM REQUEIJÃO 20g - CX 6 KG;146712,1967
1892 - SALSICHA EMPANADA INTEIRA BUONGUSTO - INATIVO;144842,83
537 - PÃO CASEIRO 500G - UND 600 G;142626,5803
26 - COXINHA DE FRANGO TRADICIONAL 120G - UND 120 G;140185,18
22 - COXINHA DE FRANGO COM REQUEIJÃO 120G - INATIVO;139964,778
16 - KIBE TRADICIONAL 20G - KG;138857
1490 - FP02 -120G SALMAO +100G ARROZ INT. +80G MIX DE LEG. - CX 10 BDJ;138707,1
27 - CROQUETE DE FRANGO COM REQ. CHEDDAR 100G - CX 6 KG;137664,4726
1134 - BOLINHO DE CREME DE MILHO 20g - CX 6 KG;130567,3953
2533 - MINI RISOLES DE FRANGO - CX 6 KG;124647,6
31 - MINI PASTEL DE CARNE CONGELADO - CX 6 KG;115497,0718
47 - PÃO DE QUEIJO LANCHE 60G FAZENDA MINAS - PCT 1 KG;111657,4
13 - CROQUETE DE CARNE COM REQUEIJÃO 20G - INATIVO;109969,638
66 - PÃO MISTO 350G - UND 350 G;107683,4032
14 - CROQUETE DE FRANGO COM REQ. CHEDDAR 20G - KG;106943,6635
60 - PASTEL ASSADO FOGGACIA DE CALABRESA C/ CHEDDAR 100G - CX 3 KG;106730,15
422 - ROSCA POLVILHO 22G - CX 6 KG;106383,2
2468 - COXINHA DE FRANGO COM REQUEIJÃO 160G PRÉ-FRITA - CX 6,4 KG;99237,5
4 - RISOLES DE QUATRO QUEIJOS 20G - INATIVO;97522,023
2020 - PÃO DE ALHO TRADICIONAL RESFRIADO DEL FUEGO 400G - CX 4,8 KG;94416
1427 - PASTEL DE CARNE MEIA LUA PARA FRITAR 100G - CX 3 KG;93854,52
2278 - PÃO DE QUEIJO DOIS QUEIJOS 25G BUONGUSTO - CX 6 KG;89426,65
539 - SALSICHA EMPANADA FATIADA - KG;88560,8269
2474 - COXINHA DE FRANGO TRADICIONAL 160G - CX 6,4 KG;84139,58
10 - RISOLES DE CAMARÃO 20g - CX 6 KG;81767,569
862 - ESFIHA DE CARNE 100G - CX 3 KG;81525,9064
28 - CROQUETE DE CARNE COM REQUEIJÃO 100G - INATIVO;80349,231
4 - RISOLES DE QUATRO QUEIJOS 20G - KG;79081,9353
1612 - MINI PASTEL DE CARNE PARA FRITAR - KG;76736,9914
2512 - PALITINHO DE GOIABADA 300G - CX 6 KG;73744,3
1892 - SALSICHA EMPANADA INTEIRA BUONGUSTO - CX 6 KG;69699,8
2469 - COXINHA DE FRANGO COM REQUEIJÃO 50G - CX 6 KG;67094,7
861 - ESFIHA DE FRANGO 100G - CX 3 KG;67072,2706
863 - FOLHADO DE FRANGO 125G - CX 3 KG;64477,58
2300 - PASTEL DE CARNE 100G PARA FRITAR - UND;62162,5517
50 - PÃO DE QUEIJO COQUETEL 12G ZIN PAO - KG;60123,21
1617 - G05 - LASANHA BOLONHESA 500g - CX 10 BDJ;60031,5
2087 - PASTA DE ALHO (BISNAGA 200G) - CX 4 KG;59080,7692
32 - MINI PASTEL DE FRANGO CONGELADO - CX 6 KG;58916,08
2 - MINI RISOLES DE FRANGO - INATIVO;57594,684
1580 - F17 - MOQUECA DE LEGUMES COM ARROZ SELVAGEM 300g - CX 10 BDJ;55435,45
25 - RISOLES DE PRESUNTO E QUEIJO - UND 120 G;54331,38
2368 - PÃO FRANCÊS INTEGRAL COM FIBRAS CONGELADO - KG;53998,0828
2535 - MINI RISOLES DE CARNE - CX 6 KG;52596
1606 - MINI EMPANADA DE CARNE 30G - CX 9 KG;51860,16
1486 - F06 -150G PATINHO +75G BATATA DOCE +75G MIX DE LEGUMES - CX 10 BDJ;51504,788
2271 - PALITINHO DE GOIABADA - CX 6 KG;50815,2
1396 - EMPADA DE CARNE 100 G - CX 4 KG;50525,76
1607 - MINI EMPANADA DE FRANGO 30G - CX 9 KG;49208,56
1267 - POLENTA C/ QUEIJO 30G CONG. P/ FRITAR 300G - CX 6 KG;48595,71
542 - FARINHA DE ROSCA - KG;48245,0094
2301 - PASTEL DE FRANGO 100G PARA FRITAR - UND;46852,0052
1492 - G02 -150G COXAO MOLE (CUBOS) +70G ARROZ BRANCO + 80G FEIJAO - CX 10 BDJ;46704,6545
2513 - DADINHO DE TAPIOCA 300G - CX 6 KG;45614,8
865 - FOLHADO DE PRESUNTO E QUEIJO 125G - CX 3 KG;45471,8
33 - MINI PASTEL DE DOIS QUEIJOS CONGELADO - CX 6 KG;45151,15
1598 - ESPETINHO DE FRANGO - CX 14 KG;45097,64
13 - CROQUETE DE CARNE COM REQUEIJÃO 20G - PCT 2 KG;44873,56
1481 - F01 -150G FRANGO +150G BATATA DOCE - CX10 BDJ;44723,563
2514 - COXINHA DE FRANGO TRADICIONAL 160G PRÉ FRITA - CX 6,4 KG;44545,5
22 - COXINHA DE FRANGO COM REQUEIJÃO 120G - PCT 1,2 KG;41834,29
1601 - EMPANADA DE FRANGO COM REQUEIJAO 160G - CX 9,6 KG;41784,59
6 - RISOLES DE PALMITO 20g - CX 6 KG;40972,3
1605 - EMPANADA INTEGRAL DE ESPINAFRE COM RICOTA 160G - CX 9,6 KG;40847,62
23 - SALSICHA EMPANADA INTEIRA - UND 130 G;39920,01
2309 - KIT SAL PARA CHURRASCO - UND 2KG;38484,66
34 - MINI PASTEL DE CAMARÃO CONGELADO - CX 6 KG;38157,8359
2006 - PÃO DE QUEIJO BISNAGA 400G - CX 4 KG;37945,525
1602 - EMPANADA DE CARNE 160G - CX 9,6 KG;37445,08
2564 - BOLINHO DE BACALHAU 50G - CX 6 KG;36859
1069 - PÃO DE ALHO PICANTE RESFRIADO - BDJ 400 G;36676,398
1497 - BOLINHO DE QUEIJO 120G - Caixa 6kg;36368,69
1603 - EMPANADA DE BROCOLIS COM REQUEIJAO 160G - CX 9,6 KG;36104,36
1491 - G01 -150G FRANGO +150G MASSA INT. COM MOLHO 4 QUEIJOS - CX 10 BDJ;35221,983
1133 - COXINHA DE BROCOLIS 22G - KG;34928,36
783 - COXINHA DE FRANGO COM REQ. PRÉ FRITO 120g - CX 6 KG;34656,53
1551 - F11 - ESCONDIDINHO DE 150G FRANGO +250G BATATA DOCE - BDJ 400G;34389,3
1496 - BOLINHO DE CARNE 120G - Caixa 6kg;34324,7
1999 - MAIONESE DE MOLHO TÁRTARO (BISNAGA 400G) - CX 4 KG;34157,1755
23 - SALSICHA EMPANADA INTEIRA - KG;33593,083
1613 - MINI PASTEL DE FRANGO PARA FRITAR - KG;33387,0483
2381 - CUCA TIPO CASEIRA ZIN KG - Quilograma;32909,1649
305 - PÃO DE QUEIJO CAITÁ - Quilograma;31818,5427
1140 - COXINHA DE FRANGO PRÉ FRITA CONGELADA 100G INVITA - CX 6 KG;31465,5037
1 - COXINHA DE FRANGO 22G - PCT 2 KG;31270,89
1608 - MINI EMPANADA DE CHOCOLATE 30G - CX 9 KG;30369,95
31 - MINI PASTEL DE CARNE CONGELADO - KG;30361,3107
1622 - PÃO DE QUEIJO COM BATATA DOCE 400G - PCT 400 G;30165,78
1604 - EMPANADA INTEGRAL CATUPERU 160G - CX 9,6 KG;29010,14
1953 - MAIONESE DE MOLHO SEVERO (SEVERO GARAGE) 1,8KG - 1,8 KG;28563,3
1995 - MOLHO BARBECUE (BISNAGA 400G) - CX 4 KG;28312,714
58 - PASTEL ASSADO FOGGACIA SABOR DE FRANGO COM REQUEIJÃO 100G - UND 100 G;27684,68
870 - FOLHADO DE MAÇÃ COM CANELA 30G - CX 3 KG;27677,1
1950 - PÃO DE QUEIJO FAZENDA MINAS TRADICIONAL 1,2KG -PROMOCIONAL - 1,2 KG;26558,57
2395 - PÃO DOG ZIN KG - KG;25424,1029
2109 - PÃO DE CEBOLA 130G - CX 1,56KG;25087,9782
1250 - COXINHA DE FRANGO COM ALHO 100G - CX 6 KG;25032,57
1409 - HAMBURGÃO ASSADO 140G - CX 4,2 KG;25025,26
29 - KIBE COM REQUEIJÃO 100G - UND 100 G;24077,65
1491 - G01 -150G FRANGO +150G MASSA INT. COM MOLHO 4 QUEIJOS - BDJ 300G;23511,7175
11 - BOLINHA DE QUEIJO MUSSARELA 20G - PCT 2 KG;22804,962
2311 - KIT SAL PARA CHURRASCO PREMIUM - CX 12KG;22143,16
2543 - MINI CHURROS DE DOCE DE LEITE PCT 1KG - CX 6 KG;21795
1616 - EMPANADA INTEGRAL DE FRANGO COM PALMITO 160G - CX 9,6 KG;21648,28
572 - GORDURA VEGETAL - 14,5kg;21345,15
869 - FOLHADO DE BANANA COM CANELA 30G - CX 3 KG;20195,91
8 - RISOLES DE CALABRESA COM REQUEIJÃO 20G - KG;19696,6704
1555 - F12 - ESCONDIDINHO DE MANDIOCA COM CARNE DESFIADA 400G - BDJ 400G;19423,1617
1492 - G02 -150G COXAO MOLE (CUBOS) +70G ARROZ BRANCO + 80G FEIJAO - BDJ 300G;19399,49
538 - PÃO FRANCES CONGELADO KG 12H - KG;19160,38
2236 - SAL DE PARRILLA URUGUAIO 500g - CX 6 KG;17673,36
59 - PASTEL ASSADO FOGGACIA SABOR DE PIZZA 100G - UND 100 G;16958,23
1893 - COXINHA DE FRANGO COM REQUEIJÃO 120g BUONGUSTO - CX 6 KG;16953
852 - MINI CROISSANT CHOCOLATE 25G - CX 6 KG;16814,8
30 - KIBE TRADICIONAL 100G - UND 100 G;16554,41
1611 - PASTEL DE FRANGO COM CATUPIRY PARA FRITAR 135G - PCT 2,7 KG;16400,04
1071 - BOLINHAS DE PÃO DE ALHO COM CATUPIRY RESFRIADO - BDJ 400 G;16385,27
1256 - BISCOITO TRÊS QUEIJOS FAZENDA MINAS 300G - CX 6 KG;16342,77
57 - PASTEL ASSADO FOGGACIA SABOR DE CARNE  100G - UND 100 G;16199,01
20 - MINI CHURROS SABOR CHOCOLATE E COCO 20g - CX 6 KG;16158,23
2309 - KIT SAL PARA CHURRASCO - CX 12KG;16117,56
2238 - SAL DE PARRILLA COM CHIMICHURRI 500g - CX 6 KG;16081,48
2076 - MINI BOLINHA DE QUEIJO MUSSARELA BUONGUSTO 20g - CX 6 KG;15847
1134 - BOLINHO DE CREME DE MILHO 20g - KG;15594,87
1857 - PASTEL DE FEIRA DE CARNE 100 G - CX 6 KG;15582,02
2263 - CUCA COM GOIABADA - CX 4,5 KG;15299,2072
1557 - BOLINHO DE BACALHAU 20G - CX 6 KG;15252,04
2382 - GROSTOLI FOFO ZIN KG - KG;15088,8721
790 - MINI CROISSANT FRANGO COM REQUEIJÃO 25G - CX 6 KG;15025,88
1617 - G05 - LASANHA BOLONHESA 500g - BDJ 500G;14964,57
1618 - F24 - LASANHA INTEGRAL DE FRANGO COM BRÓCOLIS 500g - BDJ 500G;14860,19
2237 - SAL DE PARRILLA DEFUMADO 500g - CX 6 KG;14550,81
1861 - PASTEL DE FEIRA DE PIZZA 100 G - CX 6 KG;14512,93
2226 - CHIPA COM GOIABADA - KG;14475,8409
1941 - KIT FESTA BUONGUSTO - CX 6 KG;14400
1921 - COXINHA DE FRANGO 120g FAZENDA MINAS - CX 6 KG;14265,31
15 - CROQUETE DE CALABRESA COM REQUEIJÃO 20g - KG;14183,78
2375 - COXINHA DE CARNE VEGETAL 50G - CX 6 KG;14065,4
60 - PASTEL ASSADO FOGGACIA DE CALABRESA C/ CHEDDAR 100G - UND 100 G;13917,49
2478 - MINI COXINHA DE FRANGO 22G LUFT - CX 6 KG;13513,5
24 - RISOLES DE CARNE COM REQUEIJÃO - UND 120 G;13355,18
2377 - PASTEL DE CARNE VEGETAL 50G PARA FRITAR - CX 3 KG;13228,8
9 - MINI RISOLES DE CARNE COM REQUEIJÃO - KG;13216,6016
1487 - F07 -120G PATINHO +120G MASSA INTEGRAL +60G MIX DE LEGUMES - BDJ 300G;13215,8475
2481 - MINI CROQUETE DE CARNE COM REQUEIJÃO 20G LUFT - CX 6 KG;12818,52
1860 - PASTEL DE FEIRA DE PALMITO 100 G - CX 6 KG;12553,32
866 - FOLHADO DE FRANGO 30G - PCT 1 KG;12280,79
1484 - F04 -150G PATINHO +150G BATATA DOCE - BDJ 300G;11945,97
873 - EMPADA DE FRANGO C/ REQUEIJAO 100 G - UND 100 G;11939,16
1483 - F03 -150G FRANGO +75G BATATA DOCE +75G MIX DE LEGUMES - BDJ 300G;11890,22
1304 - PÃO DE ALHO TRADICIONAL RESFRIADO 190G - CAIXA 2,28 KG;11823,4669
1438 - PASTEL DE QUEIJO MEIA LUA PARA FRITAR 100G - CX 3 KG;11735,86
1490 - FP02 -120G SALMAO +100G ARROZ INT. +80G MIX DE LEG. - BDJ 300G;11681,85
2311 - KIT SAL PARA CHURRASCO PREMIUM - UND 2KG;11679
866 - FOLHADO DE FRANGO 30G - CX 3 KG;11465,56
1481 - F01 -150G FRANGO +150G BATATA DOCE - BDJ 300G;11425,1827
2099 - DADINHO DE TAPIOCA - KG;11370,6368
949 - GROSTOLI (CUECA VIRADA) - KG;11267,6555
21 - RISOLES DE FRANGO COM REQUEIJÃO - UND 120 G;11255,21
676 - RISOLES - QUILOGRAMA;10800,3227
51 - PÃO DE QUEIJO TRADICIONAL 25G ZIN PAO - KG;10762,88
1619 - G07 - YAKISSOBA DE FRANGO 400g - BDJ 400G;10648,168
1466 - MINI BOLINHAS DE PÃO DE ALHO - CAIXA 3,6 KG;10533,6
1141 - MINI COXINHA DE FRANGO PRÉ FRITA CONGELADA  INVITA - CAIXA C/ 6KG;10370,36
2476 - CROQUETE DE CARNE 20G - CX 6 KG;10363,55
3 - MINI RISOLES DE FRANGO COM REQUEIJÃO - PCT 2 KG;10354,64
320 - PASTEL ASSADO DIV ZIN - Quilograma;10337,8622
2001 - MAIONESE DE MOLHO COM PICLES (BISNAGA 400G) -  CX 4 KG;10253,4825
2190 - SAL DE PARRILLA DEFUMADO 1,01Kg - CX 6,06 KG;10135,15
2366 - PÃO GAJETA CONGELADO - KG;9985,5837
2397 - PÃO DOCE ZIN KG - QUILOGRAMA;9722,5402
14 - CROQUETE DE FRANGO COM REQ. CHEDDAR 20G - PCT 2 KG;9628,53
539 - SALSICHA EMPANADA FATIADA - PCT 2 KG;9474,12
2194 - SAL DE PARRILLA COM CHIMICHURRI 1,01Kg - CX 6,06 KG;9462,84
2189 - SAL DE PARRILLA ARGENTINO 1,01Kg - CX 6,06 KG;9390,62
1416 - PÃO DE BATATA ASSADO FRANGO E REQUEIJÃO 90G - CX 2,7 KG;9360,74
1951 - GELÉIA DE BACON (SEVERO GARAGE) 1,8KG - 1,8 KG;9196,2
2392 - PÃO XIS ZIN KG - KG;8996,4106
2390 - PÃO HAMBURGUER ZIN KG - KG;8978,7303
1486 - F06 -150G PATINHO +75G BATATA DOCE +75G MIX DE LEGUMES - BDJ 300G;8962,85
1614 - MINI PASTEL DE QUEIJO PARA FRITAR 30G - CX 6 KG;8934,64
1415 - PÃO DE BATATA ASSADO COM REQUEIJÃO 90G - CX 2,7 KG;8932,33
2396 - PÃO CASEIRINHO ZIN KG - KG;8909,8371
874 - EMPADA DE PALMITO 100 G - UND 100 G;8838,46
2000 - MAIONESE CASEIRA GOURMET (BISNAGA 400G) - CX 4 KG;8781,1592
2239 - SAL DE PARRILLA COM PIMENTA 500g - CX 6 KG;8740,86
57 - PASTEL ASSADO FOGGACIA SABOR DE CARNE  100G - KG;8576,0232
2248 - CHIPA GOURMET - KG;8528,7254
1894 - CROQUETE DE FRANGO COM REQ. CHEDDAR 100G BUONGUSTO - CX 6 KG;8451
5 - RISOLES DE REQUEIJÃO 20G - PCT 2 KG;8353,01
4 - RISOLES DE QUATRO QUEIJOS 20G - PCT 2 KG;8081,62
1891 - RISOLES DE CARNE 120g BUONGUSTO - CX 6 KG;7942,8
789 - MINI CROISSANT PRESUNTO E QUEIJO 25G - CX 6 KG;7937,55
2262 - CUCA - CX 4,5 KG;7917,1
2240 - SAL GROSSO COM ALHO 500g - CX 6 KG;7897,79
1858 - PASTEL DE FEIRA DE FRANGO COM REQUEIJÃO 100 G - CX 6 KG;7810,27
2536 - MINI SALSICHA EMPANADA FATIADA - CX 6 KG;7753,2
2552 - EMPANADA DE CARNE - CX 2KG;7740
1573 - F15 -150G COXAO MOLE M. CONHAQUE+75G ARROZ INT+75G  MIX LEG - BDJ 300G;7650,75
2271 - PALITINHO DE GOIABADA - KG;7589,5901
2553 - EMPANADA DE FRANGO - CX 2 KG;7560
1495 - GP01 -150G FILE M. CONHAQUE +75G ARROZ INT +75G  MIX DE LEG. - BDJ 300G;7292,92
1895 - CROQUETE DE CARNE COM REQUEIJÃO 100G BUONGUSTO - CX 6 KG;7143
1896 - PASTA DE  ALHO TRADICIONAL (SEVERO GARAGE) 1,8KG - 1,8 KG;7138,98
2241 - SAL GROSSO COM CHIMICHURRI 500g - CX 6 KG;7123,51
1580 - F17 - MOQUECA DE LEGUMES COM ARROZ SELVAGEM 300g - BDJ 300G;6918,4
1326 - RISOLES DE CARNE (MEIA LUA) - UND;6908,0063
790 - MINI CROISSANT FRANGO COM REQUEIJÃO 25G - KG;6886,4987
1414 - ESFIHA ASSADA DE FRANGO 90G - CX 2,7 KG;6866,51
1488 - F08 -120G TILAPIA +100G ARROZ 7 GRAOS +80G MIX DE LEGUMES - BDJ 300G;6856,39
1632 - PASTEL DE PIZZA PARA FRITAR 135G - PCT 2,7 KG;6816
1060 - GAGETA  CONGELADA 2,5 KG - KG;6750,9479
8 - RISOLES DE CALABRESA COM REQUEIJÃO 20G - PCT 2 KG;6643,11
2242 - SAL GROSSO COM ERVAS FINAS 500g - CX 6 KG;6526,54
1855 - PASTEL DE FEIRA DE BAURU 100G - CX 6 KG;6507,3
1493 - G03 -150G ARROZ INTEGRAL +150G  STROGONOFF DE CARNE - BANDEJA 300G;6505,35
947 - PÃO CERVEJINHA CONGELADO - KG;6468,35
53 - PÃO DE QUEIJO LANCHE 60G ZIN PAO - PCT 1 KG;6430,99
1413 - ESFIHA ASSADA DE CARNE 90G - CX 2,7 KG;6427,37
1876 - COXINHA DE FRANGO 150G - CX 6 KG;6399,4682
1862 - PASTEL DE FEIRA ESPECIAL 150G - CX 6 KG;6366,49
1482 - F02 -150G FRANGO +150G MIX DE LEGUMES - BDJ 300G;6324,35
1611 - PASTEL DE FRANGO COM CATUPIRY PARA FRITAR 135G - CX 8,1 KG;6288,24
1897 - KIT FESTA - KG;6283,04
2480 - MINI BOLINHA DE QUEIJO 20G LUFT - CX 6 KG;6254,82
2485 - MINI ENROLADO DE SALSICHA LUFT - CX 6 KG;6254,82
2192 - SAL GROSSO COM ALHO 1,01Kg - CX 6,06 KG;6231,25
2002 - PASTA DE ALHO (BISNAGA 400G) - 0,4 KG;6149,03
863 - FOLHADO DE FRANGO 125G - PCT 1 KG;6107,67
1964 - PASTA DE ALHO 1,8KG - CX 9 KG;6058,6
2193 - SAL GROSSO COM ERVAS FINAS 1,01Kg - CX 6,06 KG;6026,26
848 - PÃO FRANCES INTEGRAL CONGELADO - KG;5979,402
1922 - PÃO DE QUEIJO 10D MINAS LANCHE - CX 6 KG;5968,35
2191 - SAL DE PARRILLA COM PIMENTA 1,01Kg - CX 6,06 KG;5950,82
1615 - MINI PASTEL DE CAMARÃO PARA FRITAR 30G - CX 6 KG;5940,48
865 - FOLHADO DE PRESUNTO E QUEIJO 125G - KG;5919,86
7 - MINI RISOLES DE PRESUNTO E QUEIJO - PCT 2 KG;5671,19
1610 - PASTEL DE CARNE COM OVO PARA FRITAR 135G - CX 8,1 KG;5481,12
1631 - PASTEL DE CALABRESA COM QUEIJO PARA FRITAR 135G - PCT 2,7 KG;5473,16
1550 - F10 -150G COXAO MOLE ACEBOLADO +150G PURE DE VEGETAIS - BANDEJA 300G;5431,4122
1856 - PASTEL DE FEIRA DE CALABRESA 100 G - CX 6 KG;5426,82
28 - CROQUETE DE CARNE COM REQUEIJÃO 100G - UND 100 G;5346,52
1575 - F20 - PÓS TREINO MAROMBA 100G PRÉ ASSADO - BANDEJA 500G;5295,45
2195 - SAL GROSSO COM CHIMICHURRI 1,01Kg - CX 6,06 KG;5280,53
851 - MINI CROISSANT GOIABADA 25G - CX 6 KG;5197,33
27 - CROQUETE DE FRANGO COM REQ. CHEDDAR 100G - UND 100 G;5134,58
28 - CROQUETE DE CARNE COM REQUEIJÃO 100G - KG;5106,92
1489 - FP01 -150G FILE MOLHO FUNGUI +75G ARROZ INT. +75G MIX DE LEG - BDJ 300G;5060,71
1966 - KIT FESTA BUONGUSTO - VAREJO - CX 6 KG;5040
1576 - F19 - PRÉ TREINO MAROMBA 100G PRÉ ASSADO - BANDEJA 500G;5012,81
20 - MINI CHURROS SABOR CHOCOLATE E COCO 20g - KG;5009,48
1257 - MINI COXINHA DE FRANGO PRÉ FRITA FAZENDA MINAS 300G - PCT 300 G;5003,01
2287 - PÃO DE QUEIJO PROVOLONE 60g BUONGUSTO - CX 6 KG;4989,6
1556 - F13 - LASANHA DE ABOBRINHA COM PATINHO 400G - BDJ 400G;4885,19
2399 - PÃO MULTI CEREAIS ZIN KG - KG;4868,0624
1879 - COXINHA DE FRANGO 22g com batata - CX 6 KG;4852,106
2275 - SAL PARA CORDEIRO 500g - CX 6 KG;4714,27
1494 - G04 -150G ARROZ INTEGRAL +150G  STROGONOFF DE FRANGO - BDJ 300G;4562,66
1561 - PACK EMAGRECIMENTO - CAIXA C/10;4450
1133 - COXINHA DE BROCOLIS 22G - PCT 2 KG;4401,77
2334 - FAROFA TEMPERADA 250GR - CAIXA 6 KG;4259,94
21 - RISOLES DE FRANGO COM REQUEIJÃO - PCT 1,2 KG;4244,15
1324 - RISOLES DE QUEIJO (MEIA LUA) - UND;4207,4682
868 - FOLHADO DE PRESUNTO E QUEIJO 30G - CX 3 KG;4130,05
1952 - MAIONESE DE MOLHO LOKO (SEVERO GARAGE) 1,8KG - 1,8 KG;4082,4
2479 - MINI BOLINHA DE REQUEIJÃO 20G LUFT - CX 6 KG;3938,22
1258 - MINI BOLINHA DE QUEIJO PRÉ FRITO FAZENDA MINAS 300G - PACOTE 300G;3905,28
1410 - DOGUINHO ASSADO 140G - CX 4,2 KG;3815,27
1572 - F16 -150G COXAO MOLE M.FUNGUI+75G ARROZ INT+75G MIX DE LEG - BDJ 300G;3740,73
1485 - F05 -150G PATINHO +150G MIX DE LEGUMES - BDJ 300G;3529,28
1549 - F09 -150G FILE FRANGO GRELHADO +150G PURE DE VEGETAIS - BDJ 300G;3507,63
2009 - PÃO DE QUEIJO BISNAGA 1,01KG - CX 6,06 KG;3506,3812
1267 - POLENTA C/ QUEIJO 30G CONG. P/ FRITAR 300G - KG;3481,4737
850 - MINI CROISSANT CHOCOLATE BRANCO 25G - CX 6 KG;3285,75
25 - RISOLES DE PRESUNTO E QUEIJO - PCT 1,2 KG;3255,84
3 - MINI RISOLES DE FRANGO COM REQUEIJÃO - KG;3240,3793
1259 - MINI KIBE PRÉ FRITO FAZENDA MINAS 300G - PCT 300 G;3180,28
2487 - MINI CHURROS DOCE DE LEITE LUFT - CX 6 KG;3150
32 - MINI PASTEL DE FRANGO CONGELADO - KG;3117,8748
1977 - MAIONESE CASEIRA GOURMET 1,8KG - CX 9 KG;3065,956
1589 - MINI PASTEL DE CARNE PARA FRITAR 20G - Quilo;3033,88
1604 - EMPANADA INTEGRAL CATUPERU 160G - UND 160 G;3030,1714
868 - FOLHADO DE PRESUNTO E QUEIJO 30G - PCT 1 KG;3017,99
1498 - KIBE TRADICIONAL 120G - Caixa c/ 6kg;2986,94
2398 - PÃO FATIADO ESP. SANDUICHE ZIN KG - KG;2901,236
9 - MINI RISOLES DE CARNE COM REQUEIJÃO - PCT 2 KG;2898,95
1324 - RISOLES DE QUEIJO (MEIA LUA) - PCT 1,2 KG;2893,8
1140 - COXINHA DE FRANGO PRÉ FRITA CONGELADA 100G INVITA - KG;2869,46
852 - MINI CROISSANT CHOCOLATE 25G - KG;2844,9862
1601 - EMPANADA DE FRANGO COM REQUEIJAO 160G - UND 160 G;2792,7843
1409 - HAMBURGÃO ASSADO 140G - PCT 1,4 KG;2731,91
33 - MINI PASTEL DE DOIS QUEIJOS CONGELADO - KG;2716,0231
1859 - PASTEL DE FEIRA DE FRANGO 100 G - CX 6 KG;2713,41
1145 - MINI BOLINHA DE QUEIJO CONGELADO PRÉ FRITO INVITA - CAIXA C/ 6KG;2689,5
10 - RISOLES DE CAMARÃO 20g - KG;2654,04
2266 - MINI PÃO DE QUEIJO ASSADO DE TAPIOCA COM FRANGO - CX 6 KG;2650
1560 - F14 - LASANHA DE BERINJELA 400G - BANDEJA 400G;2527,54
2482 - MINI CROQUETE DE FRANGO COM CHEDDAR 20G LUFT - CX 6 KG;2471,04
2 - MINI RISOLES DE FRANGO - PCT 2 KG;2431,38
2488 - ENROLADO DE SALSICHA EMPANADO GRANDE LUFT - CX 6 KG;2397,06
2484 - MINI KIBE COM REQUEIJÃO 20G LUFT - CX 6 KG;2316,6
2489 - CROQUETE DE CARNE COM REQUEIJÃO GRANDE LUFT - CX 6 KG;2316,6
1143 - MINI KIBE TRADICIONAL CONGELADO PRÉ FRITO INVITA - CAIXA C/ 6KG;2281,17
23 - SALSICHA EMPANADA INTEIRA - PCT 1,2 KG;2159,41
1594 - F22 - CALDO DE LEGUMES DETOX 500G - BDJ 500G;2119,94
;2067,0363
851 - MINI CROISSANT GOIABADA 25G - KG;1910,5988
24 - RISOLES DE CARNE COM REQUEIJÃO - PCT 1,2 KG;1895,53
788 - MINI CROISSANT QUATRO QUEIJOS 25G - CX 6 KG;1894,4674
870 - FOLHADO DE MAÇÃ COM CANELA 30G - PCT 1 KG;1874,37
294 - PÃO DE BATATA DE FRANGO COM REQUEIJÃO 100G - INATIVO;1824,9
6 - RISOLES DE PALMITO 20g - PCT 2 KG;1808,86
1581 - F18 - GRÃO DE BICO C/ ARROZ SELVAGEM E LEGUMES 300g - BDJ 300G;1789,67
1266 - POLENTA C/ QUEIJO 30G CONG. P/ FRITAR 800G - CAIXA C/ 5,6KG;1768,44
1336 - PÃO FRANCES DE MILHO CONGELADO 50G - KG;1746,86
2483 - MINI KIBE TRADICIONAL 20G LUFT - CX 6 KG;1698,84
1954 - MAIONESE DE MOLHO POWER (SEVERO GARAGE) 1,8KG - 1,8 KG;1690,02
2265 - PÃO DE QUEIJO ASSADO DE TAPIOCA COM FRANGO 120G - CX 6 KG;1652
1602 - EMPANADA DE CARNE 160G - UND 160 G;1643,2703
19 - MINI CHURROS SABOR BAUNILHA 20g - CX 6 KG;1641,84
1266 - POLENTA C/ QUEIJO 30G CONG. P/ FRITAR 800G - QUILOGRAMA;1630,3558
872 - EMPADÃO DE FRANGO COM REQUEIJÃO 1,5KG - UND 1,5 KG;1592,5
17 - KIBE COM REQUEIJÃO 20G - PCT 2 KG;1538,16
1582 - PÃO DE QUEIJO COM BATATA DOCE 40g BDJ 320G - BANDEJA 320G;1505,74
1609 - PASTEL DE CARNE PARA FRITAR 135G - CX 8,1 KG;1368
1568 - PACK LOW CARB - SP - CAIXA C/10;1345
6 - RISOLES DE PALMITO 20g - KG;1329,9999
26 - COXINHA DE FRANGO TRADICIONAL 120G - PCT 1,2 KG;1284,09
1570 - PACK FITNESS - SP - CAIXA C/10;1245
1569 - PACK EMAGRECIMENTO - SP - CAIXA C/10;1200
2495 - ENROLADO DE SALSICHA EMPANADO GRANDE PRÉ FRITO LUFT - CX 6 KG;1190
1598 - ESPETINHO DE FRANGO - PCT 2 KG;1184
1411 - ENRROLADO DE PRESUNTO E QUEIJO ASSADO 140G - UND 140 G;1141,8666
538 - PÃO FRANCES CONGELADO KG 12H - PCT 2,5 KG;1120
2087 - PASTA DE ALHO (BISNAGA 200G) - 0,2 KG;1106,41
1476 - PASTEL DE FRANGO PARA FRITAR 50G - Quilograma;1089,3304
1411 - ENRROLADO DE PRESUNTO E QUEIJO ASSADO 140G - PCT 1,4 KG;1048,6
1610 - PASTEL DE CARNE COM OVO PARA FRITAR 135G - PCT 2,7 KG;1047,6
1409 - HAMBURGÃO ASSADO 140G - UND 140 G;1009,4784
789 - MINI CROISSANT PRESUNTO E QUEIJO 25G - KG;990,8746
1411 - ENRROLADO DE PRESUNTO E QUEIJO ASSADO 140G - CX 4,2 KG;987,4
1562 - PACK LOW CARB - CAIXA C/10;950
1144 - BOLINHA DE QUEIJO 100G CONGELADO PRÉ FRITO INVITA - CAIXA C/ 6KG;901,94
2491 - BOLINHO DE BATATA DE FRANGO LUFT - CX 6 KG;875
27 - CROQUETE DE FRANGO COM REQ. CHEDDAR 100G - KG;859,28
1464 - ENROLADINHO DE SALSICHA 100G PARA FRITAR - Caixa c/ 6kg;858,6
2486 - MINI COXINHA DE BROCOLIS 22G LUFT - CX 6 KG;849,42
2494 - COXA DE FRANGO COM REQUEIJÃO 160G PRÉ-FRITA LUFT - CX 6,4 KG;840
2246 - PÃO DE ALHO TRADICIONAL RESFRIADO 450G (TIN) - CX 5,4 KG;838,8
2375 - COXINHA DE CARNE VEGETAL 50G - KG;817,7695
2238 - SAL DE PARRILLA COM CHIMICHURRI 500g - UND 500G;810,15
1475 - PASTEL DE QUEIJO PARA FRITAR 50G - Quilograma;799,0077
2006 - PÃO DE QUEIJO BISNAGA 400G - BIS 400G;789,1
2492 - COXA DE FRANGO COM REQUEIJÃO 160G LUFT - CX 6,4 KG;767,52
2377 - PASTEL DE CARNE VEGETAL 50G PARA FRITAR - KG;760,1394
1593 - F21 - CALDO DE FRANGO COM REQUEIJÃO 500g - BANDEJA 500G;758,56
2490 - BOLINHO DE BATATA DE CARNE LUFT - CX 6 KG;750
2236 - SAL DE PARRILLA URUGUAIO 500g - UND 500G;749,95
2394 - PASTEL FRITO FRANGO ZIN KG - Quilograma;745,416
1999 - MAIONESE DE MOLHO TÁRTARO (BISNAGA 400G) - 0,4 KG;727,12
1267 - POLENTA C/ QUEIJO 30G CONG. P/ FRITAR 300G - PCT 300 G;719,86
2000 - MAIONESE CASEIRA GOURMET (BISNAGA 400G) - 0,4 KG;707,37
2001 - MAIONESE DE MOLHO COM PICLES (BISNAGA 400G) - 0,4 KG;684,94
873 - EMPADA DE FRANGO C/ REQUEIJAO 100 G - KG;672,523
2393 - PASTEL CARNE ZIN KG - KG;647,7408
1567 - PACK PREMIUM - SP - CAIXA C/10;630
1142 - KIBE TRADICIONAL 100G CONGELADO PRÉ FRITO INVITA - CAIXA C/ 6KG;617,76
645 - AMOSTRA DE SALGADOS - KG;588,36
1564 - PACK MAROMBA - CAIXA C/5;579,54
1995 - MOLHO BARBECUE (BISNAGA 400G) - 0,4 KG;579,1872
2240 - SAL GROSSO COM ALHO 500g - UND 500G;566,53
925 - EMPADÃO DE PALMITO 1,5KG - UND 1,5 KG;559,1504
16 - KIBE TRADICIONAL 20G - PCT 2 KG;558,73
533 - CUCA CONGELADA - GOIABA - UND 416 G;547,2
2237 - SAL DE PARRILLA DEFUMADO 500g - UND 500G;545,53
887 - BOLINHO DE QUEIJO 100G - KG;534,15
796 - FARINHA DE ROSCA ZIN - KG;504,9747
1595 - F23 - CALDO DE ABÓBORA 500G - BANDEJA 500G;486,16
1414 - ESFIHA ASSADA DE FRANGO 90G - PCT 900 G;475,2
1396 - EMPADA DE CARNE 100 G - UND 100 G;475,03
850 - MINI CROISSANT CHOCOLATE BRANCO 25G - KG;461,9
1863 - PÃO DE ALHO TRADICIONAL RESFRIADO EXCELSIOR 400g - UND 400 G;452,16
1613 - MINI PASTEL DE FRANGO PARA FRITAR - PCT 2 KG;446,48
536 - COXINHA DE FRANGO COM ALHO 120G - INATIVO;425,17
2009 - PÃO DE QUEIJO BISNAGA 1,01KG - BIS 1,01 KG;418,21
2272 - PALITINHO DE DOCE DE LEITE - KG;408,3651
1584 - PACK 1 - CAIXA C/5;406
2334 - FAROFA TEMPERADA 250GR - PACOTE 250 GR;405,34
1612 - MINI PASTEL DE CARNE PARA FRITAR - PCT 2 KG;399,3
10 - RISOLES DE CAMARÃO 20g - PCT 2 KG;397,77
2242 - SAL GROSSO COM ERVAS FINAS 500g - UND 500G;369,03
1134 - BOLINHO DE CREME DE MILHO 20g - PCT 2 KG;368,81
2239 - SAL DE PARRILLA COM PIMENTA 500g - UND 500G;365,53
2330 - BOLINHO DE CHUVA - CX 6 KG;362,06
2263 - CUCA COM GOIABADA - BDJ 450 G;348,12
2266 - MINI PÃO DE QUEIJO ASSADO DE TAPIOCA COM FRANGO - KG;347,8534
1632 - PASTEL DE PIZZA PARA FRITAR 135G - CX 8,1 KG;346,56
2275 - SAL PARA CORDEIRO 500g - UND 500G;336,61
1416 - PÃO DE BATATA ASSADO FRANGO E REQUEIJÃO 90G - UND 90 G;325,43
2272 - PALITINHO DE DOCE DE LEITE - CX 6 KG;320,46
2241 - SAL GROSSO COM CHIMICHURRI 500g - UND 500G;319,03
5 - RISOLES DE REQUEIJÃO 20G - KG;315,7662
15 - CROQUETE DE CALABRESA COM REQUEIJÃO 20g - PCT 2 KG;314,58
1608 - MINI EMPANADA DE CHOCOLATE 30G - KG;306,7323
1415 - PÃO DE BATATA ASSADO COM REQUEIJÃO 90G - UND 90 G;306,6514
1413 - ESFIHA ASSADA DE CARNE 90G - PCT 900 G;305,92
290 - PÃO DE BATATA COM REQUEIJÃO 100G - UND 100 G;301,5
1358 - OLEO DE SOJA - 900 ML;300
2005 - PÃO DE QUEIJO BISNAGA 1,8KG - BIS 1,8 KG;283,5
888 - BOLINHO DE BACALHAU 100G - PCT 1 KG;270,7702
2496 - CROQUETE DE CARNE COM REQUEIJÃO GRANDE PRÉ FRITO LUFT - CX 6 KG;264
869 - FOLHADO DE BANANA COM CANELA 30G - PCT 1 KG;258,04
2217 - SAL DE PARRILLA 1,01Kg (GASPER ALIMENTOS) - CX 6,06 KG;258
2221 - SAL GROSSO COM ERVAS FINAS 1,01Kg (GASPER ALIMENTOS) - CX 6,06 KG;258
2222 - SAL DE PARRILLA COM CHIMICHURRI 1,01Kg (GASPER ALIMENTOS) - CX 6,06 KG;258
2223 - SAL GROSSO COM CHIMICHURRI 1,01Kg (GASPER ALIMENTOS) - CX 6,06 KG;258
2262 - CUCA - BDJ 400 G;257,74
1141 - MINI COXINHA DE FRANGO PRÉ FRITA CONGELADA  INVITA - QUILOGRAMA;240,69
1326 - RISOLES DE CARNE (MEIA LUA) - PCT 1,2 KG;233,95
30 - KIBE TRADICIONAL 100G - KG;228,14
1609 - PASTEL DE CARNE PARA FRITAR 135G - PCT 2,7 KG;228
1601 - EMPANADA DE FRANGO COM REQUEIJAO 160G - PCT 1,6 KG;224
1325 - RISOLES DE FRANGO (MEIA LUA) - PCT 1,2 KG;215,76
1614 - MINI PASTEL DE QUEIJO PARA FRITAR 30G - PCT 2 KG;213
1630 - PÃO DE ALHO TRADICIONAL SEM REFRIGERAÇÃO 310G BUONGUSTO - UND 310 G;211,18
1606 - MINI EMPANADA DE CARNE 30G - PCT 1,5 KG;210
1615 - MINI PASTEL DE CAMARÃO PARA FRITAR 30G - PCT 2 KG;208
1607 - MINI EMPANADA DE FRANGO 30G - KG;202,6756
1978 - MAIONESE DE MOLHO TÁRTARO 1,8KG - CX 9 KG;194,25
1304 - PÃO DE ALHO TRADICIONAL RESFRIADO 190G - UNIDADE 190g;193,24
1606 - MINI EMPANADA DE CARNE 30G - KG;186,8165
60 - PASTEL ASSADO FOGGACIA DE CALABRESA C/ CHEDDAR 100G - KG;186,5006
1557 - BOLINHO DE BACALHAU 20G - PCT 2 KG;182,39
2266 - MINI PÃO DE QUEIJO ASSADO DE TAPIOCA COM FRANGO - PCT 1 KG;176
2109 - PÃO DE CEBOLA 130G - UND 130 G;175,512
1602 - EMPANADA DE CARNE 160G - PCT 1,6 KG;175
1607 - MINI EMPANADA DE FRANGO 30G - PCT 1,5 KG;175
1608 - MINI EMPANADA DE CHOCOLATE 30G - PCT 1,5 KG;175
422 - ROSCA POLVILHO 22G - PCT 500 G;173,82
2243 - PASTA DE ALHO (BISNAGA 200G) - TIN - CX 4 KG;172,34
20 - MINI CHURROS SABOR CHOCOLATE E COCO 20g - PCT 2 KG;163,64
29 - KIBE COM REQUEIJÃO 100G - KG;163,44
1604 - EMPANADA INTEGRAL CATUPERU 160G - PCT 1,6 KG;162
1256 - BISCOITO TRÊS QUEIJOS FAZENDA MINAS 300G - PCT 300 G;153,6
645 - AMOSTRA DE SALGADOS - CX C/ 500 UND;147,5
1603 - EMPANADA DE BROCOLIS COM REQUEIJAO 160G - PCT 1,6 KG;138
1605 - EMPANADA INTEGRAL DE ESPINAFRE COM RICOTA 160G - PCT 1,6 KG;138
1616 - EMPANADA INTEGRAL DE FRANGO COM PALMITO 160G - PCT 1,6 KG;130
1439 - PASTEL DE FRANGO MEIA LUA PARA FRITAR 100G - Caixa c/ 3kg;126
2512 - PALITINHO DE GOIABADA 300G - PCT 300G;125
2513 - DADINHO DE TAPIOCA 300G - PCT 300G;125
1915 - PÃO DE QUEIJO 10D MINAS TRADICIONAL - CX 6 KG;124,92
2375 - COXINHA DE CARNE VEGETAL 50G - PCT 2 KG;122,29
1631 - PASTEL DE CALABRESA COM QUEIJO PARA FRITAR 135G - CX 8,1 KG;114
1876 - COXINHA DE FRANGO 150G - PCT 1,5 KG;106,64
1410 - DOGUINHO ASSADO 140G - UND 140 G;105,8051
2298 - BOLINHO DE BATATA DE CARNE - PCT 1,2 KG;105,6
2265 - PÃO DE QUEIJO ASSADO DE TAPIOCA COM FRANGO 120G - PCT 1,2 KG;100
2190 - SAL DE PARRILLA DEFUMADO 1,01Kg - UND 1,01 KG;96,6
874 - EMPADA DE PALMITO 100 G - PCT 1 KG;92,6
1113 - PÃO FRANCES 30GR - KG;92
536 - COXINHA DE FRANGO COM ALHO 120G - PCT 1,2 KG;91,1
783 - COXINHA DE FRANGO COM REQ. PRÉ FRITO 120g - PCT 1,2 KG;78,96
2335 - POLENTA - PCT 2 KG;74,8
788 - MINI CROISSANT QUATRO QUEIJOS 25G - KG;72,7269
34 - MINI PASTEL DE CAMARÃO CONGELADO - KG;71,89
2471 - BOLINHO DE BATATA DE CARNE VEGETAL 40G - CX 6 KG;69,81
1914 - CROQUETE DE CARNE COM REQUEIJÃO 20g FAZENDA MINAS - PCT 2 KG;69,18
2377 - PASTEL DE CARNE VEGETAL 50G PARA FRITAR - BDJ 500G;69,02
1145 - MINI BOLINHA DE QUEIJO CONGELADO PRÉ FRITO INVITA - QUILOGRAMA;68,69
1142 - KIBE TRADICIONAL 100G CONGELADO PRÉ FRITO INVITA - QUILOGRAMA;67,84
1413 - ESFIHA ASSADA DE CARNE 90G - UND 90 G;67,5668
886 - BOLINHO DE CARNE 100G - KG;60,98
1476 - PASTEL DE FRANGO PARA FRITAR 50G - Pct c/ 500g;59,7
2192 - SAL GROSSO COM ALHO 1,01Kg - UND 1,01 KG;58,77
1588 - MINI PASTEL DE FRANGO PARA FRITAR 20G - Quilo;57,08
2300 - PASTEL DE CARNE 100G PARA FRITAR - KG;52,92
2189 - SAL DE PARRILLA ARGENTINO 1,01Kg - UND 1,01 KG;52,47
1414 - ESFIHA ASSADA DE FRANGO 90G - UND 90 G;51,8063
1438 - PASTEL DE QUEIJO MEIA LUA PARA FRITAR 100G - PCT 500 G;50,4
862 - ESFIHA DE CARNE 100G - PCT 1 KG;48,41
1396 - EMPADA DE CARNE 100 G - KG;46,3
75 - PÃO FRANCES CONGELADO KG - 6H - PCT 2,5 KG;46
1912 - COXINHA DE FRANGO 22G FAZENDA MINAS - PCT 2 KG;45,65
1964 - PASTA DE ALHO 1,8KG - 1,8 KG;44,5
1879 - COXINHA DE FRANGO 22g com batata - PCT 2 KG;43,05
1913 - BOLINHA DE QUEIJO 20G FAZENDA MINAS - PCT 2 KG;42,65
2191 - SAL DE PARRILLA COM PIMENTA 1,01Kg - UND 1,01 KG;41,4
2195 - SAL GROSSO COM CHIMICHURRI 1,01Kg - UND 1,01 KG;41,4
1597 - PACK DIVERSOS - CAIXA C/10;40,5
1563 - PACK LIGHT - CAIXA C/5;40
2193 - SAL GROSSO COM ERVAS FINAS 1,01Kg - UND 1,01 KG;38,34
2194 - SAL DE PARRILLA COM CHIMICHURRI 1,01Kg - UND 1,01 KG;37,8
1427 - PASTEL DE CARNE MEIA LUA PARA FRITAR 100G - PCT 500 G;37,2
1921 - COXINHA DE FRANGO 120g FAZENDA MINAS - PCT 1,2 KG;35,93
2330 - BOLINHO DE CHUVA - PCT 2KG;33,3
290 - PÃO DE BATATA COM REQUEIJÃO 100G - KG;32,59
294 - PÃO DE BATATA DE FRANGO COM REQUEIJÃO 100G - KG;32,59
58 - PASTEL ASSADO FOGGACIA SABOR DE FRANGO COM REQUEIJÃO 100G - KG;30
1915 - PÃO DE QUEIJO 10D MINAS TRADICIONAL - KG;25,35
1439 - PASTEL DE FRANGO MEIA LUA PARA FRITAR 100G - Pct c/ 500g;25,2
861 - ESFIHA DE FRANGO 100G - PCT 1 KG;23,71
2252 - MINI CHURROS DOCE DE LEITE BUONGUSTO - PCT 2 KG;22,24
49 - PÃO DE QUEIJO BIG 100G FAZENDA MINAS - PCT 1 KG;17,83
2242 - SAL GROSSO COM ERVAS FINAS 500g - KG;17,5
2268 - MINI BOLINHA 5 QUEIJOS BUONGUSTO 20g - PCT 2 KG;17,5
1922 - PÃO DE QUEIJO 10D MINAS LANCHE - PCT 1 KG;17,44
2265 - PÃO DE QUEIJO ASSADO DE TAPIOCA COM FRANGO 120G - KG;16,9692
1143 - MINI KIBE TRADICIONAL CONGELADO PRÉ FRITO INVITA - QUILOGRAMA;16,96
1144 - BOLINHA DE QUEIJO 100G CONGELADO PRÉ FRITO INVITA - QUILOGRAMA;16,96
533 - CUCA CONGELADA - GOIABA - PCT 2,08 KG;16,5
2075 - MINI CROQUETE DE CARNE COM REQUEIJÃO BUONGUSTO 20g - PCT 2 KG;15,78
1325 - RISOLES DE FRANGO (MEIA LUA) - KG;15,65
1250 - COXINHA DE FRANGO COM ALHO 100G - PCT 1 KG;15,27
2251 - MINI COXINHA DE FRANGO 22G BUONGUSTO - PCT 2 KG;14,42
1886 - MINI COXINHA BROCOLIS 22G BUONGUSTO - PCT 2 KG;13,62
1892 - SALSICHA EMPANADA INTEIRA BUONGUSTO - PCT 1,2 KG;13,46
1890 - RISOLES DE PRESUNTO E QUEIJO 120G BUONGUSTO - PCT 1,2 KG;11,82
848 - PÃO FRANCES INTEGRAL CONGELADO - PCT 2,5 KG;11,5
1888 - MINI SALSICHA EMPANADA BUONGUSTO - PCT 2 KG;11,03
2267 - COXINHA DE FRANGO TRADICIONAL 120g BUONGUSTO - PCT 1,2 KG;10,31
1889 - RISOLES DE FRANGO COM REQUEIJÃO 120g BUONGUSTO - PCT 1,2 KG;10,2
1912 - COXINHA DE FRANGO 22G FAZENDA MINAS - KG;10
1913 - BOLINHA DE QUEIJO 20G FAZENDA MINAS - KG;10
1914 - CROQUETE DE CARNE COM REQUEIJÃO 20g FAZENDA MINAS - KG;10
1921 - COXINHA DE FRANGO 120g FAZENDA MINAS - KG;10
1977 - MAIONESE CASEIRA GOURMET 1,8KG - 1,8 KG;10
1885 - CROQUETE DE CARNE 100G BUONGUSTO - KG;7,74
1974 - PÃO DE QUEIJO TRADICIONAL 1KG BUONGUSTO - KG;6,51
645 - AMOSTRA DE SALGADOS - UND;6
1260 - PÃO DE QUEIJO GOURMET 300G - PACOTE 300G;4,4
1995 - MOLHO BARBECUE (BISNAGA 400G) - KG;2,22
1999 - MAIONESE DE MOLHO TÁRTARO (BISNAGA 400G) - KG;2,22
2000 - MAIONESE CASEIRA GOURMET (BISNAGA 400G) - KG;2,22
2001 - MAIONESE DE MOLHO COM PICLES (BISNAGA 400G) - KG;2,22
2002 - PASTA DE ALHO (BISNAGA 400G) - KG;2,22
